{"cameraMode":{"drawMode":0,"name":"Shaded","section":"Shading Mode"},"sceneLighting":true,"audioPlay":false,"sceneViewState":{"showFog":false,"showMaterialUpdate":false,"showSkybox":false,"showFlares":false,"showImageEffects":false,"showParticleSystems":false},"in2DMode":false,"pivot":{"x":-52.46876525878906,"y":-17.79217529296875,"z":26.02773094177246},"rotation":{"x":0.30236104130744936,"y":0.525164008140564,"z":-0.2067193239927292,"w":0.7681498527526856},"size":30.729476928710939,"orthographic":true}